keyword,database,volume,cpc,competition,kd,source,fetched
alfa romeo giulia,bg,1900,,,,semrush,2026-08-04
audi a3,bg,5400,,,,semrush,2026-08-04
audi e tron,bg,1000,,,,semrush,2026-08-04
audi q7,bg,2900,,,,semrush,2026-08-04
bmw e92,bg,1900,,,,semrush,2026-08-04
bmw i3,bg,1900,,,,semrush,2026-08-04
bmw m4,bg,3600,,,,semrush,2026-08-04
bmw m4 competition,bg,880,,,,semrush,2026-08-04
bugatti veyron,bg,720,,,,semrush,2026-08-04
chevrolet camaro,bg,1300,,,,semrush,2026-08-04
citroen c5 aircross,bg,720,,,,semrush,2026-08-04
cybertruck,bg,1600,,,,semrush,2026-08-04
cybertruck цена,bg,140,0.14,0.11,,semrush,2026-08-13
dani,bg,390,,,,semrush,2026-08-04
davids car,bg,480,,,,semrush,2026-08-04
dong feng,bg,18100,,,,semrush,2026-08-04
dr,bg,1900,,,,semrush,2026-08-04
eko,bg,33100,,,,semrush,2026-08-04
ferrari f40,bg,1000,,,,semrush,2026-08-04
ferrari testarossa,bg,480,,,,semrush,2026-08-04
ford capri,bg,480,,,,semrush,2026-08-04
ford tourneo,bg,390,,,,semrush,2026-08-04
golf gti,bg,720,,,,semrush,2026-08-04
hyundai ioniq 5,bg,720,,,,semrush,2026-08-04
hyundai kona,bg,3600,,,,semrush,2026-08-04
jeep cherokee,bg,1900,,,,semrush,2026-08-04
kia ceed,bg,2900,,,,semrush,2026-08-04
koenigsegg gemera,bg,480,,,,semrush,2026-08-04
lucid air,bg,320,,,,semrush,2026-08-04
m4,bg,1300,,,,semrush,2026-08-04
mercedes w124,bg,720,,,,semrush,2026-08-04
mercedes w203,bg,720,,,,semrush,2026-08-04
mg,bg,3600,,,,semrush,2026-08-04
mg zs,bg,880,,,,semrush,2026-08-04
microlino,bg,320,,,,semrush,2026-08-04
niki lauda,bg,1600,,,,semrush,2026-08-04
nissan 370z,bg,590,,,,semrush,2026-08-04
nissan juke,bg,2900,,,,semrush,2026-08-04
omoda 5,bg,720,,,,semrush,2026-08-04
pagani huayra,bg,390,,,,semrush,2026-08-04
peugeot 208,bg,1900,,,,semrush,2026-08-04
porsche macan,bg,1900,,,,semrush,2026-08-04
renault 4,bg,390,,,,semrush,2026-08-04
renault 5,bg,1300,,,,semrush,2026-08-04
renault zoe,bg,1000,,,,semrush,2026-08-04
seat ibiza,bg,1600,,,,semrush,2026-08-04
skoda citigo,bg,320,,,,semrush,2026-08-04
stark varg,bg,1600,,,,semrush,2026-08-04
tesla,bg,6600,,,,semrush,2026-08-04
tesla cybertruck,bg,720,0.14,0.01,,semrush,2026-08-13
tesla model 3,bg,1300,,,,semrush,2026-08-04
tesla model y,bg,1600,,,,semrush,2026-08-04
togg,bg,590,,,,semrush,2026-08-04
toyota mirai,bg,320,,,,semrush,2026-08-04
toyota yaris,bg,5400,,,,semrush,2026-08-04
volvo xc40,bg,1300,,,,semrush,2026-08-04
vw id 4,bg,880,,,,semrush,2026-08-04
w210,bg,720,,,,semrush,2026-08-04
алтернатор,bg,1300,,,,semrush,2026-08-04
ангренажен ремък,bg,1300,,,,semrush,2026-08-04
балкан стар,bg,720,,,,semrush,2026-08-04
бензиностанции еко карта,bg,390,,,,semrush,2026-08-04
вартбург,bg,480,,,,semrush,2026-08-04
волга,bg,1600,,,,semrush,2026-08-04
газ 66,bg,590,,,,semrush,2026-08-04
голф 2,bg,720,,,,semrush,2026-08-04
гуми kleber,bg,1000,,,,semrush,2026-08-04
данкар,bg,480,,,,semrush,2026-08-04
двг,bg,1600,,,,semrush,2026-08-04
еко,bg,18100,,,,semrush,2026-08-04
електрически автомобил,bg,12100,,,,semrush,2026-08-04
електромобил,bg,720,,,,semrush,2026-08-04
електромобили,bg,720,,,,semrush,2026-08-04
зареждане,bg,1000,,,,semrush,2026-08-04
зарядна станция,bg,1600,,,,semrush,2026-08-04
зарядна станция за електрически автомобили,bg,1300,,,,semrush,2026-08-04
зарядна станція,bg,1600,,,,semrush,2026-08-04
зарядни станции,bg,1000,,,,semrush,2026-08-04
зил 131,bg,1000,,,,semrush,2026-08-04
икарус,bg,480,,,,semrush,2026-08-04
как се кара автоматик,bg,320,,,,semrush,2026-08-04
кими райконен,bg,320,,,,semrush,2026-08-04
китайски електрически автомобили пловдив,bg,390,,,,semrush,2026-08-04
кобра 11 обади се,bg,590,,,,semrush,2026-08-04
колянов вал,bg,1000,,,,semrush,2026-08-04
ламбда сонда,bg,1600,,,,semrush,2026-08-04
лампи на таблото,bg,1600,,,,semrush,2026-08-04
москвич 408,bg,720,,,,semrush,2026-08-04
москвич 412,bg,720,,,,semrush,2026-08-04
ники лауда,bg,880,,,,semrush,2026-08-04
нисан кашкай мнения,bg,590,,,,semrush,2026-08-04
новите полицейски коли,bg,480,,,,semrush,2026-08-04
нюрбургринг,bg,480,,,,semrush,2026-08-04
опел мока мнения,bg,480,,,,semrush,2026-08-04
писта софия,bg,480,,,,semrush,2026-08-04
пол уокър,bg,5400,,,,semrush,2026-08-04
прахосмукачка за кола,bg,2400,,,,semrush,2026-08-04
примекс софия,bg,720,,,,semrush,2026-08-04
проверка вин кода бесплатно европа,bg,720,,,,semrush,2026-08-04
ралф шумахер,bg,2400,,,,semrush,2026-08-04
сайбъртрък,bg,140,0,0.01,,semrush,2026-08-13
символи жълта лампа на таблото,bg,880,,,,semrush,2026-08-04
софия франс ауто оказион,bg,480,,,,semrush,2026-08-04
станислав михов sento,bg,720,,,,semrush,2026-08-04
станислав михов сенто,bg,1000,,,,semrush,2026-08-04
тесла,bg,8100,,,,semrush,2026-08-04
тесла цена,bg,720,,,,semrush,2026-08-04
тойота ярис,bg,4400,,,,semrush,2026-08-04
тунел витиня,bg,1300,,,,semrush,2026-08-04
филми на пол уокър,bg,590,,,,semrush,2026-08-04
форд куга мнения,bg,480,,,,semrush,2026-08-04
хюндай кона,bg,2400,,,,semrush,2026-08-04
